{
  "license_name": "Axiom Engine Public License v1.0 (AEPL-1.0)",
  "short_name": "AEPL-1.0",
  "author": "Richard Fonfára (Rischo32)",
  "year": 2025,
  "repository": "https://github.com/Rischo32",
  "license_text_file": "AEPL-1.0.txt",
  "sha256": "a6bc1a6a2742e8cf17ee0bfd5aad2bd9f85b85b7d00034272643a5924183416f",
  "doi": "doi:10.5281/zenodo.xxxxxx (placeholder)",
  "compatible_with": [
    "CC-BY-SA-4.0"
  ],
  "jurisdiction": "SK/International",
  "package_sha256_zip": "1e722019bd333759b6246c6ef76df94f818cbedd9cfc1d64c5b35b6f905b9dde"
}